202570_ESRGAN.png, 6.338458301765017
202571_ESRGAN.png, 5.466855610601921
202572_ESRGAN.png, 5.407083896493348
202573_ESRGAN.png, 5.7816265380849465
202574_ESRGAN.png, 5.461939813991978
202575_ESRGAN.png, 5.326792880372665
202576_ESRGAN.png, 4.926786146419602
202577_ESRGAN.png, 5.232792642185371
202578_ESRGAN.png, 5.8182582687310855
202579_ESRGAN.png, 4.830546802338349
202580_ESRGAN.png, 5.677988051110586
202581_ESRGAN.png, 5.399894358292052
202582_ESRGAN.png, 5.111110282955263
202583_ESRGAN.png, 5.390721124495853
202584_ESRGAN.png, 5.428489877774996
202585_ESRGAN.png, 6.279540953204546
202586_ESRGAN.png, 5.379912368679328
202587_ESRGAN.png, 4.605058181152044
202588_ESRGAN.png, 7.0444179863438094
202589_ESRGAN.png, 5.2006002267112095
202590_ESRGAN.png, 5.636234561495343
202591_ESRGAN.png, 5.4436352203070175
202592_ESRGAN.png, 5.252292998385289
202593_ESRGAN.png, 6.0740254759354855
202594_ESRGAN.png, 4.935253974860893
202595_ESRGAN.png, 4.8633993392163495
202596_ESRGAN.png, 5.435776810798874
202597_ESRGAN.png, 6.563982134383605
202598_ESRGAN.png, 5.147605172312882
202599_ESRGAN.png, 4.765838246644224