202570_ESRGAN.png, 6.82501133308526
202571_ESRGAN.png, 6.4322955966639475
202572_ESRGAN.png, 7.269640199580056
202573_ESRGAN.png, 9.46209187697371
202574_ESRGAN.png, 7.1867664598127785
202575_ESRGAN.png, 7.212765224399115
202576_ESRGAN.png, 6.428057660653214
202577_ESRGAN.png, 6.942927157123283
202578_ESRGAN.png, 6.754686457952117
202579_ESRGAN.png, 7.272044413371522
202580_ESRGAN.png, 7.56447796167161
202581_ESRGAN.png, 7.297711749383553
202582_ESRGAN.png, 6.587536272334202
202583_ESRGAN.png, 7.259606997849918
202584_ESRGAN.png, 9.080366980064344
202585_ESRGAN.png, 6.505592310915118
202586_ESRGAN.png, 6.866295509002875
202587_ESRGAN.png, 6.332671739005791
202588_ESRGAN.png, 7.197038032389108
202589_ESRGAN.png, 6.06387803700559
202590_ESRGAN.png, 6.75955768481069
202591_ESRGAN.png, 6.279986851543262
202592_ESRGAN.png, 8.88779283487542
202593_ESRGAN.png, 6.684103112986549
202594_ESRGAN.png, 6.786049640900435
202595_ESRGAN.png, 7.355471212546353
202596_ESRGAN.png, 7.55429729186812
202597_ESRGAN.png, 8.3579919753843
202598_ESRGAN.png, 7.711378350960353
202599_ESRGAN.png, 6.787437904611876
